{"cameraMode":{"drawMode":0,"name":"Shaded","section":"Shading Mode"},"sceneLighting":true,"audioPlay":false,"sceneViewState":{"m_AlwaysRefresh":false,"showFog":true,"showSkybox":true,"showFlares":true,"showImageEffects":true,"showParticleSystems":true,"showVisualEffectGraphs":true,"m_FxEnabled":true},"in2DMode":false,"pivot":{"x":304.15838623046877,"y":317.4074401855469,"z":-169.51934814453126},"rotation":{"x":0.035081829875707629,"y":0.025485103949904443,"z":0.0007032624562270939,"w":-0.999150276184082},"size":103.07764434814453,"orthographic":false}