{"cameraMode":{"drawMode":0,"name":"Shaded","section":"Shading Mode"},"sceneLighting":true,"audioPlay":false,"sceneViewState":{"m_AlwaysRefresh":false,"showFog":true,"showSkybox":true,"showFlares":true,"showImageEffects":true,"showParticleSystems":true,"showVisualEffectGraphs":true,"m_FxEnabled":true},"in2DMode":false,"pivot":{"x":44.73409652709961,"y":93.7392807006836,"z":119.24271392822266},"rotation":{"x":0.08978241682052612,"y":-0.8983175754547119,"z":0.37118780612945559,"w":0.21760404109954835},"size":1.3090808391571046,"orthographic":false}