{"cameraMode":{"drawMode":0,"name":"Shaded","section":"Shading Mode"},"sceneLighting":true,"audioPlay":false,"sceneViewState":{"m_AlwaysRefresh":false,"showFog":true,"showSkybox":true,"showFlares":true,"showImageEffects":true,"showParticleSystems":true,"showVisualEffectGraphs":true,"m_FxEnabled":true},"in2DMode":false,"pivot":{"x":-1.038091778755188,"y":1.8387010097503663,"z":-1.451433777809143},"rotation":{"x":-0.25067266821861269,"y":-0.056015629321336749,"z":0.014530850574374199,"w":-0.9663415551185608},"size":0.8660253882408142,"orthographic":false}